LUMP,aim_dust.bsp,awp_metro.bsp,awp_museum.bsp,bigcity_main.bsp,bigcity_pvp.bsp,campaign_05.bsp,cs_aquarium.bsp,cs_assault.bsp,cs_estate.bsp,cs_italy.bsp,cs_italy_night.bsp,cs_militia.bsp,cs_office.bsp,cs_office_xmas.bsp,de_aztec.bsp,de_cbble.bsp,de_centered.bsp,de_cornerwork.bsp,de_cornerwork2.bsp,de_dust.bsp,de_dust2.bsp,de_dust2_decompressed.bsp,de_headquarter.bsp,de_highland.bsp,de_inferno.bsp,de_nuke.bsp,de_prodigy.bsp,de_sa02.bsp,de_sa03.bsp,de_storage.bsp,de_storm.bsp,de_survivor.bsp,de_tides.bsp,de_tosca.bsp,de_train.bsp,de_vantage.bsp,de_vertigo.bsp,dm_cargoship.bsp,dm_dustrush.bsp,dm_killhouse.bsp,dm_mboss.bsp,dm_playground.bsp,dm_sa01.bsp,dm_sewer.bsp,dm_shutdown.bsp,dm_uprising.bsp,duel_diner.bsp,ew_lasttrain.bsp,gb_varena.bsp,gm_giant.bsp,hm_multi01.bsp,hs2_assault.bsp,hs2_cargoship.bsp,hs2_estate.bsp,hs2_italy2.bsp,hs2_italy2_xmas.bsp,hs2_office.bsp,hs2_phouse.bsp,hs2_sa01.bsp,hs2_sa02.bsp,hs2_sa03.bsp,hs2_studio.bsp,hs_aqua.bsp,hs_dust2.bsp,hs_festival.bsp,hs_highland.bsp,hs_italy2.bsp,hs_italy2_xmas.bsp,hs_studio.bsp,mad_city.bsp,mad_city_big.bsp,testzone_transition1.bsp,testzone_transition2.bsp,tuto_walk.bsp,uc_aztec.bsp,uc_museum.bsp,uc_shutdown.bsp,zc_laboratory.bsp,zc_trainyard.bsp,zd_aztec.bsp,zd_boss.bsp,zd_internal.bsp,zd_italy.bsp,zd_lasttrain.bsp,zd_nuke.bsp,zd_park.bsp,zd_trainyard.bsp,zp_assault.bsp,zp_aztec.bsp,zp_estate.bsp,zp_italy.bsp,zp_militia.bsp,zp_storm.bsp,zp_uprising.bsp,zz_festival.bsp,zz_phouse.bsp,zz_prodigy.bsp
ENTITIES,2656,7956,4797,56622,39957,23755,16073,18432,11000,13155,12817,16082,19569,19519,11162,8411,7966,7484,7788,8293,8389,121096,10623,9608,18952,20689,12989,3264,6148,12461,5337,7433,11117,13024,13098,13856,10656,6664,2706,2206,8134,8352,3867,9711,13607,9713,15677,4837,3559,30354,21492,12005,15143,17390,18165,18590,9274,10110,11955,16230,12857,6208,15790,8044,14156,14819,13448,10265,31541,5333,10698,22081,2693,2526,6671,22151,19384,15582,9192,18025,8305,8765,21013,38389,22645,12408,11025,13234,13438,14076,13914,15738,12660
PLANES,28036,21832,47585,179380,205605,23427,66975,32939,30482,87387,83841,68951,35913,39137,109774,82985,52234,36238,14921,69160,130893,707720,22175,76370,84414,39772,52007,7061,210687,30309,32618,78596,62264,73013,27094,114792,53320,29496,32649,33817,72126,67381,16278,10537,42794,15768,101293,13626,47910,181602,69749,84531,66187,86610,83513,50376,48256,46404,242945,63677,58052,80471,25242,77879,49711,47618,26940,47370,46509,62603,108189,27136,25870,11378,8812,71663,76613,137227,55146,128241,58895,49793,41121,174742,87641,109202,29540,83453,47362,42195,21485,14187,52383
TEXDATA,822,2893,719,7847,13207,3195,2685,2936,1749,2438,2788,2168,1956,2224,676,2306,4176,2331,1672,2383,677,1440,2086,1664,3084,2989,2104,1109,962,2095,1696,2634,1146,2864,1416,2590,1685,1834,998,558,678,512,739,1077,1844,2895,1850,290,1017,4800,3292,2586,2055,2994,3049,1487,1237,1547,1469,2591,2177,659,1969,1533,2673,2683,2228,2666,2059,3724,1963,1890,550,529,1426,2932,4331,695,720,1432,2346,1318,3100,5259,2893,676,1679,2396,2120,1832,1892,1179,2120
VERTICES,11606,30662,50367,201327,276891,43327,37361,35177,43369,64084,62414,41055,41947,42143,55267,68646,53283,40248,34205,43468,74878,427248,66301,59561,65660,36796,30797,12261,53191,69613,36929,68841,47274,65760,36900,79527,55364,44367,13533,18219,43005,29875,15583,16386,33270,23789,45711,8359,51471,162798,63158,76589,73590,67709,72401,60267,38956,42693,83800,59561,27472,42382,23824,56000,41853,42489,34497,115014,110923,44483,37153,45357,10808,11747,15085,55255,66995,66898,18734,44416,46456,25914,41478,117907,85447,55275,42854,60657,44946,33553,20839,32300,31717
VISIBILITY,1456,14212,21180,849927,516303,17918,6791,117878,61641,44209,77137,75527,32549,32544,27956,184071,210523,34081,21703,48415,105320,1185617,9334,17222,50806,32237,14844,5434,46364,28364,10907,31488,10814,47775,28815,47166,16026,18159,1849,6214,376,13115,9251,7302,44899,18627,8323,833,23274,51040,34153,4830,33747,26879,29935,25519,4799,9107,50908,17312,4908,41092,23096,15121,58260,28506,384681,245105,357691,19633,8915,15423,1687,2221,8206,28800,48998,34490,786,9740,22161,7353,34002,124576,80717,28091,61641,64537,62721,44743,22153,26081,13777
NODES,14468,10947,33568,131108,150296,30948,14993,34378,23666,41984,49900,24557,28603,30051,62068,47576,52838,25896,15965,44256,101678,643392,11675,11048,44618,26706,27756,6985,99444,26952,10227,17888,15091,32753,27022,25145,24911,10436,14412,4000,2140,31800,9445,7235,33902,15462,43607,29726,15088,73679,45386,30057,38966,48934,44877,34386,23634,26595,119271,33153,15071,53142,15461,10684,42070,26505,55043,60114,105190,20039,20472,29564,9783,10451,7781,40844,53628,77676,14289,34050,22564,29971,37191,83212,66684,62277,22883,46470,36543,35213,12640,16378,26437
TEXINFO,7615,34368,36490,206466,330737,39971,42022,31738,45890,48532,46469,32242,30693,30794,48110,70772,68288,27142,23951,46952,54152,560304,52613,44199,68866,31206,26726,24669,45099,66787,43392,77419,37255,95481,22627,130835,40189,37760,12453,22244,18759,19347,7625,12574,38948,28673,38514,3525,60136,180538,51253,61395,65888,54491,55878,50596,31688,45344,66629,47953,31598,29922,19692,41489,35857,37005,28091,76549,82497,46096,38557,48138,8008,11273,10291,71198,73696,55890,19376,44011,49264,21939,35268,135031,66731,48055,44870,43368,29831,39079,18570,33282,27471
FACES,34382,88257,134062,514736,700440,121642,79620,92989,127552,173008,172644,76776,107395,108124,131282,150437,174380,107581,94966,136750,253446,1612944,178646,127279,200958,101625,81917,38973,119272,189726,85581,169355,94034,189275,105357,201884,163131,104926,37449,43030,55656,87416,26697,46166,97528,68310,96617,47319,154135,436077,174514,191151,213097,190692,194508,185143,105563,125010,212105,167678,59709,138145,67905,119673,121969,109843,96676,363627,354604,125752,70746,139579,26166,29815,40155,150422,166741,153582,39919,90685,145695,63963,121508,348946,223146,131392,129757,170010,93984,98502,63653,98698,82189
LIGHTING,1115228,0,0,0,5552844,0,0,0,0,0,2256767,0,0,0,0,0,0,0,0,0,0,0,0,0,0,0,0,0,0,0,0,0,0,0,0,0,0,0,0,0,2132743,0,0,0,0,864567,0,68581,0,0,0,0,0,0,0,0,0,0,0,0,0,0,0,0,0,0,0,0,0,2435544,397522,0,825672,689424,988019,4494247,876151,0,0,0,0,0,0,0,0,0,0,0,0,0,0,0,0
OCCLUSION,12,12,12,12,12,12,12,1832,1564,12,12,428,12,12,300,12,452,12,12,12,12,12,12,108,12,12,12,12,12,12,12,12,12,12,12,372,216,12,12,12,12,12,12,12,1468,12,12,12,12,12,364,12,12,12,12,148,12,12,12,12,12,12,1416,108,12,12,452,12,12,92,12,12,12,12,12,12,12,300,12,12,12,12,12,12,12,300,1564,12,428,1468,1416,148,12
LEAVES,11353,10840,31294,119498,137615,26917,14083,33337,23520,37800,44253,24068,25049,26132,54131,46459,46951,22715,14945,36645,79810,765408,11374,11210,38688,24267,24873,6523,72728,23444,10275,18714,14642,30831,24532,24379,23159,11594,11307,4721,2251,27883,9637,7658,30479,14439,37542,18854,15220,65578,40589,26411,34761,40315,38154,29857,19888,23059,88452,28104,13316,43303,14453,10872,36122,23330,55002,55836,90904,17825,18998,26037,7906,8577,7999,34341,45996,66070,12419,29727,21131,25599,33435,75062,59701,54271,22770,41492,32254,31336,12090,15353,23870
FACEIDS,5223,11961,18126,77748,101601,16817,9725,10745,16272,22689,22175,9823,15980,15824,13261,17087,20109,12735,12536,19699,29964,44804,23511,14306,25883,12393,10558,4361,14330,26693,10384,19395,11192,22191,14405,21290,24282,13701,5767,5775,4751,9150,2565,6803,10780,9416,10013,5861,15380,55429,21256,24127,28082,25117,25759,24268,12786,15330,26908,21647,7277,16857,8289,12938,15743,13887,10670,51106,60272,12906,6625,18462,3026,4529,5094,21339,22477,15533,3657,8293,18957,7758,13834,41114,22663,12861,16510,21629,11648,10813,7746,13606,10710
EDGES,21251,72183,109836,432614,605920,100143,55911,65837,96546,120154,117411,54435,77999,78337,74072,114004,114816,76349,82141,92078,147199,839224,175971,76948,139434,67578,54513,26030,76035,176066,66543,131861,66472,131383,84799,128670,135562,95849,25049,32444,36362,54446,18394,38520,59427,52703,58162,24600,100206,312485,129552,160238,164419,138449,141602,142009,79145,92481,147144,127425,37947,82061,48498,75631,80626,75429,69754,303967,326268,78919,37716,107365,17548,27507,35351,116333,122635,83912,20866,47552,96796,41204,81582,227001,146675,74074,97212,114194,70211,58962,45631,78185,55738
SURFEDGES,30183,79569,128274,465367,646872,103423,58149,66910,108218,132449,130814,61631,82420,82497,88878,113238,143206,85719,84791,108936,185199,687608,174860,99706,155742,73698,59294,27748,81666,179852,65502,137372,69348,146198,83500,149473,155769,88697,32117,38566,39429,69031,19125,40326,70834,58932,72255,42797,117418,363190,144353,175356,187933,159688,163968,160328,94178,107057,165840,147304,44526,99544,56194,92139,91480,84931,78714,318058,384807,101502,49079,117955,20856,29433,35713,127978,145774,102808,28219,64388,117422,51121,89707,277082,164912,88936,109166,126094,79411,71527,51478,81255,60462
MODELS,328,255,730,5379,4789,1987,965,649,894,1403,1400,930,808,972,5662,916,777,138,138,1582,2427,12624,528,164,1290,1451,835,208,3043,1005,192,731,300,879,476,1064,1161,143,567,110,311,1806,253,220,2251,470,3046,1139,253,1814,1161,1307,1370,1413,991,833,682,709,3476,1211,899,1385,807,247,859,465,682,854,543,821,1811,1904,396,491,157,2489,2299,7122,1320,3628,458,1655,2951,5359,3917,5655,699,1192,847,2206,651,303,779
WORLD_LIGHTS,516,0,0,0,4222,0,0,0,0,0,890,0,0,0,0,0,0,0,0,0,0,0,0,0,0,0,0,0,0,0,0,0,0,0,0,0,0,0,0,0,378,0,0,0,0,1140,0,49,0,0,0,0,0,0,0,0,0,0,0,0,0,0,0,0,0,0,0,0,0,510,1598,0,284,377,1060,15226,2332,0,0,0,0,0,0,0,0,0,0,0,0,0,0,0,0
LEAF_FACES,3351,11391,22052,77044,107194,13015,7945,13621,18131,19481,19936,8035,11211,11217,13009,23304,22945,11606,11315,13948,21706,94040,21546,14109,23498,10576,8248,3865,9272,20381,10479,18574,11131,23409,12460,21684,20923,14937,3352,5370,3558,10606,3339,6348,10628,7995,9744,5710,21651,47366,20743,20279,25445,20025,21718,19331,10939,13078,20044,19024,5985,12144,8407,14615,13305,13057,19370,54261,57255,11197,7178,15021,2567,3967,6401,15389,21247,14864,3156,8002,17087,7198,12475,40170,24762,13174,18406,18273,11026,10429,7956,11395,8481
LEAF_BRUSHES,1472,5507,11144,33463,45310,7018,5017,9844,9972,12226,11798,6296,7768,7843,8252,17280,15054,5762,5237,9634,14364,58676,8492,5881,12546,7234,6461,2011,9256,9315,6249,9139,7642,13209,9648,10030,10243,8624,1735,2788,1508,5418,3024,4119,5160,5213,6058,1800,9105,22832,10715,8009,10890,9394,9847,8078,3961,5242,12597,8207,3620,7890,4000,6438,7351,6879,21187,22663,24689,4139,3703,7233,1288,2229,4040,9658,10514,9478,1876,4391,8360,3859,8210,18653,13617,8367,9894,11453,6593,5191,3752,5865,6468
BRUSHES,2106,3413,4740,19258,24869,4156,3844,3452,3782,6930,6593,3152,4343,4354,4143,6033,4762,3199,2991,5668,7293,73284,5412,3584,7421,4032,3655,998,8399,5617,3664,5436,4201,6781,4527,6102,6998,4141,2283,1306,1547,4166,1009,1826,2571,2756,3915,1384,4042,14029,5831,6173,6043,6485,6448,5138,3138,3536,11016,5439,2914,4117,2242,3733,4042,4083,2837,12184,10936,3423,2602,4026,1064,1797,1628,5842,6188,4773,1695,3796,5655,2391,4380,10565,6386,4114,3706,6569,3061,2496,1985,2898,3740
BRUSH_SIDES,15648,26400,37152,172542,240542,33934,30628,27613,36315,66568,63262,25829,37355,37776,39700,51754,43032,27202,22763,45760,77885,612480,44379,35579,69021,34001,31755,9103,73146,47223,29576,46202,41788,67950,35595,62163,51099,32807,16648,12220,17003,41058,6230,12821,25294,21603,32355,8345,38788,144156,47348,51765,56479,55048,55343,44299,25371,29758,95568,46361,22778,43245,19187,36957,33148,33926,25265,100804,87202,32007,24340,36949,8559,9821,10671,51551,56283,47484,14028,33091,54646,19412,36721,96122,54960,39687,35816,62529,24735,24594,16978,25328,32444
AREAS,16,37,16,60,51,56,64,52,37,49,46,40,27,27,45,48,24,16,45,32,32,32,41,37,61,41,16,16,43,60,39,49,60,45,68,45,40,54,16,16,16,24,24,47,37,24,27,24,16,51,45,39,39,46,48,40,42,31,44,35,51,16,64,16,50,48,16,54,16,24,24,32,32,32,44,16,16,44,27,33,24,16,48,170,16,45,37,46,40,37,63,38,35
AREA_PORTALS,20,89,20,337,298,171,328,227,202,259,219,177,20,20,190,203,20,20,169,102,54,100,145,145,361,192,20,20,129,276,123,218,232,176,294,171,192,255,20,20,20,20,20,145,89,20,20,20,20,140,112,89,195,148,184,94,114,109,127,78,176,20,302,20,202,187,20,758,20,20,20,41,84,69,132,20,20,182,20,56,20,20,218,833,20,189,197,217,166,93,276,88,99
DISPLACEMENT_INFO,1101,3968,4048,23108,23504,13494,10065,11267,12076,23668,23680,21240,21830,21823,11227,5069,12434,13456,2592,21701,29320,342320,7449,10565,18259,13653,13337,4567,12426,7565,4652,20230,10686,12204,14959,11722,658,3242,2633,1827,850,721,1403,5064,5285,5011,5113,1251,7606,36339,14115,4570,14965,14632,11749,11035,4243,7669,15347,8830,6292,16662,6347,6248,11841,8630,5676,17096,20830,1672,2162,13357,1883,673,4484,17458,7460,11744,2076,2807,1892,3269,16038,20127,14989,11476,12018,23588,18341,5623,6265,8319,13531
ORIGINAL_FACES,9336,22377,35467,143954,205989,33719,19354,21312,32677,46227,45828,19164,27735,28399,31092,34819,41226,26305,20753,34398,65255,1280016,44650,29209,52704,23676,20345,9011,31252,50539,21280,41071,22975,47673,26588,48572,40114,24788,10411,11284,11613,18981,3996,12004,22845,18755,21426,11431,28804,113216,42394,47177,54358,49001,48678,44821,25407,30132,53619,41289,14652,35207,17310,27322,28517,26938,20119,88997,102204,27066,14892,37640,5403,8918,10339,42496,45123,35948,8250,19941,34883,15013,28067,81256,44772,31405,32598,43703,20509,23052,15708,24508,20400
PHYSICS_DISPLACEMENT,2610,6779,7685,0,0,13834,29962,15882,25903,15552,15552,106992,24818,24838,0,8344,23153,0,4385,41159,37006,207331,13057,38008,15388,14598,42357,8671,13422,8757,13018,103993,29697,13135,0,27385,1390,4934,5177,13994,0,1262,4097,5453,6287,6400,8424,10075,7784,33257,16927,5842,28274,12823,11432,8504,5222,11567,15126,12422,25784,15124,9647,23579,10514,9038,9910,11499,119922,5911,4591,14027,8000,1454,5260,25099,15847,41705,4637,6636,3273,4710,16114,24246,12671,0,25751,15561,84753,6287,9260,7692,42325
PHYSICSCOLLIDE,128746,234143,307017,2166927,2647874,310708,279095,229750,279385,552577,525529,199233,337477,339141,1067785,442128,341637,773326,205542,378813,602061,2574123,378884,330751,560597,286008,258133,80353,582386,389991,250397,375602,321595,509750,1069469,429411,455070,280143,141012,86599,346860,175341,70077,116119,202085,200071,315551,61063,292492,1090848,410859,448584,459607,474939,477485,362078,219273,257014,767039,390534,208314,345517,155039,320833,293585,294244,207176,895731,820139,263581,201632,315888,51475,94010,98878,412542,458204,388181,133636,292287,407561,188002,310448,724848,475442,1065601,271001,527982,191871,197714,132371,197339,262251
VERT_NORMALS,1976,2475,5819,14372,15918,2338,7359,5246,4838,12783,12840,7543,4730,5109,13590,12190,9240,4803,1769,7006,14436,32124,1906,8384,14698,6071,5682,1348,5768,3053,4665,10171,10330,12454,2598,23561,3327,1918,2204,5393,16745,10687,1165,1667,6485,1326,15556,253,7092,26943,9507,9079,9149,11180,11401,6422,6199,6074,9615,9022,6937,8500,2462,8724,7142,7162,4825,2867,4405,9037,17490,2474,2426,1662,1572,16265,6982,15665,10302,21031,8714,6047,5410,26934,7988,13116,4829,12558,6203,6299,2402,1999,5517
VERT_NORMAL_INDICES,2328,9516,13729,56588,49253,13005,10101,12705,14041,19978,20374,10917,13711,13772,17011,16388,20760,9674,8896,13262,23470,405476,15600,14889,27393,12841,11071,3035,16893,18332,10688,18584,16857,24640,11683,24666,15686,6489,3571,5566,7888,15000,3744,5144,11452,4604,11864,2131,16588,58945,21240,20225,23021,16220,22880,20026,7487,8879,22807,19580,5388,17432,8091,11619,11779,13944,12206,31618,35300,9716,8016,14609,2767,2236,2915,17843,13740,20027,5619,11634,18708,7628,14909,35434,24497,13185,14398,19898,12053,7993,7788,11075,11009
DISPLACEMENT_VERTS,2398,5892,5266,30220,36966,20866,48831,26376,48010,29626,29626,146623,37133,37143,119261,12777,49121,12647,2763,31972,66961,1011700,19510,60541,25202,21231,78578,12991,19010,14554,35713,247116,35626,18379,38337,42332,1332,10113,4984,27537,44505,789,6485,5306,10028,7196,10318,9984,7762,65172,28418,9147,50095,16795,13035,15297,4322,15352,20473,21873,41380,37142,7761,55846,14907,11100,19832,23036,102286,6383,6858,21272,6566,697,5036,37087,23477,113749,7157,9309,2644,3427,23527,54251,25079,119261,48041,29611,116731,10028,7772,13508,78621
DISPLACEMENT_LIGHTMAP_SAMPLE_POSITIONS,23737,127,196,3445,4437,728,34993,4378,52542,124,124,393810,12958,12964,131726,58522,57412,10274,106,127360,68315,216124,3404,199872,128,38239,88708,8164,86,12800,67709,102914,914,8399,2957,81066,122,9417,22364,23375,56794,155,468,154,115,78,43332,75582,111834,2576,4446,8896,52496,1807,1803,198,2171,9362,180,31319,27570,30651,20475,203545,1722,1717,31226,79597,41979,25868,22159,1045,23435,99,162,2763,2624,139507,24587,40599,268,18930,39974,175911,69223,131726,52423,123,327746,115,19407,120,89127
GAME_LUMP,12212,107336,26580,496400,290400,280656,163180,134152,86356,171772,83872,270548,110924,129412,109520,133948,198752,124752,55264,147904,144508,144508,70948,151740,153564,170820,116612,18456,23508,151680,76664,105904,88140,172148,140048,366244,165556,73420,34772,44976,17692,48808,19988,52916,95572,41152,111400,60,23508,283044,131016,75532,81340,123784,145028,172488,31904,38596,64200,147516,147292,85388,197652,232588,127504,140948,157968,58220,198412,33884,37960,270332,4128,1548,21352,67068,75012,116160,44916,87204,151188,68908,148216,311420,201840,98656,69016,174380,196048,90948,181000,151408,116548
LEAF_WATER_DATA,0,0,0,12,24,0,12,0,48,0,0,36,0,0,12,0,0,0,0,0,0,0,0,12,12,24,12,0,0,0,0,0,0,0,0,0,0,12,0,0,0,0,0,0,0,0,12,0,0,12,0,12,48,0,0,24,0,0,0,0,0,0,0,12,0,0,0,0,0,12,24,0,0,0,0,0,0,0,0,12,0,0,24,0,0,12,48,0,24,0,0,24,12
PRIMITIVES,616,2099,3031,11884,16443,2787,2085,2100,3050,2730,2667,2929,2371,2340,1697,3429,2799,1651,3220,2673,2097,23700,6695,1521,3214,2118,1614,790,1279,5608,2188,5009,2557,3465,2205,3482,4318,3921,747,1311,1603,3008,1130,1258,1681,1585,1280,284,3177,8338,4228,5716,5244,3848,4091,4581,2728,2892,3574,4499,1300,1325,1408,1709,1925,1898,2696,8507,10095,2482,1168,2766,563,1055,1289,3936,3088,1849,570,1346,2748,808,2573,6424,4324,1703,3325,2673,3078,1628,1524,2655,1774
PRIM_INDICES,994,2814,3137,15705,21497,3547,2791,2928,4090,3677,3489,3669,2723,2676,2032,5101,3726,1798,3405,3345,2421,75852,7182,2064,4013,2734,2183,1127,1865,6940,3216,6179,3428,4950,2800,4965,4872,5337,1063,1885,2375,3678,1614,1667,1849,2404,1662,373,3329,9997,4800,7222,6146,4132,4789,5366,2904,3034,4039,5089,1771,1524,1931,2303,2534,2726,3789,9900,10540,2864,1395,3420,721,1312,1687,4620,4212,2088,706,1560,3861,1209,3161,7415,5162,2035,4113,3510,3861,1794,1899,3775,2339
PAKFILE,454688,2831995,1316457,4605647,2240770,5965254,4460920,2278088,2520878,3925226,2903258,3953749,4898615,3456262,6393208,5423322,4322229,1225128,2147417,2716806,1780626,1780626,3638882,3077361,6162982,5144742,4086523,2340156,571312,5419548,2369401,6344623,2992603,5063132,3207996,5743882,3378873,3185556,628502,1087077,845185,5255238,467583,2829336,4767658,529696,2938974,134135,714246,7137706,2353815,2187817,10096338,2069373,1790712,8992146,2144298,2437898,751836,2403901,2332162,719672,3385096,2622921,2003594,1693063,2352744,2900933,2097168,113037,136247,4102999,527224,137335,1630984,3352290,3470107,6944343,942856,7731892,4031018,2242867,2659060,10146362,4796226,6222471,2260099,4042914,2950375,4209552,2929716,7871298,4106150
CLIP_PORTAL_VERTICES,0,85,0,329,277,211,448,321,250,334,337,214,0,0,232,258,0,0,196,291,59,192,163,165,428,238,0,0,161,334,281,249,266,342,348,180,204,265,0,0,0,0,0,169,99,0,0,0,0,161,150,89,250,156,424,110,136,137,161,92,259,0,370,0,448,417,0,620,0,0,0,44,55,53,163,0,0,219,0,55,0,0,247,999,0,232,250,336,196,99,348,96,116
CUBEMAPS,63,2181,1059,3341,254,3576,3102,1746,1950,2797,351,2826,4187,2548,4374,4002,3043,1044,2013,2198,1400,2296,3291,2016,4076,3473,2887,2203,553,4338,1814,4513,2216,3851,2443,3831,2723,2325,515,783,137,3752,435,1992,3420,98,1962,35,667,5334,1846,1558,7878,1539,1522,6883,1629,2252,658,1669,1600,561,2301,1588,1377,1417,1536,2438,1460,99,260,2536,69,45,214,428,432,4645,852,5489,2808,1501,2108,6683,3147,4405,1896,2873,2214,3339,1956,6500,2887
TEXDATA_STRING_DATA,606,1494,371,3615,10913,1682,1618,1343,1167,1126,2065,1002,1026,1121,393,1239,2099,1050,1171,1251,328,1060,1200,946,1472,1365,1197,478,306,1232,933,1482,641,1464,642,1357,896,1090,553,381,674,273,517,540,1016,1931,1007,136,587,2333,1477,1450,1277,1500,1491,877,598,711,583,1365,1360,301,1172,854,1367,1353,1226,1438,1181,2459,2207,1214,468,283,1435,3729,4593,392,451,935,1152,713,1470,2802,1515,393,1151,1108,962,1003,1118,773,1207
TEXDATA_STRING_TABLE,185,293,102,729,3009,315,276,293,197,247,449,233,207,227,103,239,399,254,200,247,99,180,225,196,306,294,226,134,125,228,188,270,142,285,161,267,217,201,127,85,225,82,104,136,204,416,204,55,131,440,323,268,224,295,297,172,146,171,170,262,229,95,213,177,267,267,231,271,225,539,530,204,167,81,414,1006,1133,101,103,171,241,154,307,489,292,103,192,244,227,203,204,144,228
OVERLAYS,0,140,0,3100,3489,2371,1818,8916,1814,71,68,6353,316,1046,1543,1327,5736,1093,1002,1623,172,1424,1712,2542,0,7262,1154,0,171,1485,602,2086,1747,1571,3205,3051,0,2094,0,533,0,0,653,332,995,972,1053,0,120,104,8824,1488,1802,393,252,446,0,0,165,1843,1282,0,310,1645,433,255,1863,352,0,209,1244,2283,75,0,0,4100,1061,1717,135,1099,0,933,5270,5766,447,1551,1799,69,5593,1003,315,435,1066
LEAF_MIN_DIST_TO_WATER,61,53,79,6208,14562,77,305,79,1623,82,85,2107,74,75,1361,87,87,72,61,85,97,54672,55,677,592,312,595,46,97,73,53,64,60,77,73,71,74,53,62,40,33,77,53,47,79,62,336,79,61,574,84,77,1165,86,84,1213,71,74,100,79,62,86,63,673,83,73,90,89,97,657,793,75,53,57,48,83,87,93,62,819,68,77,854,94,91,1366,1620,83,1763,79,58,1153,562
FACE_MARCO_TEXTURE_INFO,54,73,82,101,107,79,67,72,78,83,82,68,76,76,77,81,84,76,74,80,89,44804,86,79,85,73,68,52,76,87,70,83,70,84,76,84,84,76,55,56,58,73,47,61,72,66,73,67,81,97,84,86,87,86,86,85,76,78,87,83,63,79,67,78,78,76,74,96,98,78,64,81,49,53,58,82,84,79,53,70,80,66,77,94,88,77,78,82,74,72,65,73,68
DISPLACEMENT_TRIS,89,78,80,179,201,128,367,408,403,109,109,2011,298,307,1276,165,491,107,68,628,513,131200,104,772,113,167,932,168,104,102,337,1993,624,107,142,306,43,85,127,329,302,45,202,87,88,87,145,796,99,488,423,90,407,105,100,97,80,193,106,155,326,183,192,631,102,96,142,199,900,96,96,137,104,46,87,436,362,1203,106,117,67,99,199,573,174,1276,398,109,1551,88,149,94,952
LEAF_AMBIENT_INDEX_HDR,1989,2318,6258,28813,29395,4858,2302,6945,4656,6303,8482,5182,4676,4957,9435,8234,9867,4165,3196,6547,13377,54672,2145,2738,7063,4738,4319,1384,13027,5015,1989,3755,2659,5517,4457,4518,4796,2169,1653,851,455,6059,2094,1293,5971,3104,6041,2495,3406,12231,8582,4935,6979,6607,6264,5931,3673,4871,16306,5430,2483,7345,2745,2658,5978,3685,9455,12901,23129,3689,3669,4889,1731,2271,1566,7792,10604,9493,2577,5354,4082,3929,6611,15801,12719,9414,4447,6827,6545,6066,2523,3371,4128
LEAF_AMBIENT_INDEX,1987,495,677,1402,29343,646,527,675,590,713,8473,596,613,630,887,796,810,598,525,774,1139,54672,501,496,743,612,609,465,1190,617,488,545,524,653,603,594,613,495,528,402,474,652,494,468,665,2996,752,2495,524,934,748,646,704,780,748,668,594,613,1328,668,536,795,538,497,724,611,893,851,1153,3796,3626,629,1773,2240,1555,7915,10703,995,529,679,570,649,688,1032,901,887,579,739,691,673,512,535,600
LIGHTING_HDR,1095806,3874966,6976110,4709935,5220696,3058188,2965039,2780722,3596999,3590075,2354216,3377458,2434695,2393275,3974499,4483041,4636677,2696595,5218511,4817118,4119930,9389884,5484321,5069958,4677656,3393974,2608347,1760885,1560367,6063746,3213053,3947809,2403146,4760830,2454473,6964567,5543894,2939518,1347656,1064393,2171025,3875451,788879,1825984,2345730,889973,4448983,68581,8629865,6679373,7311427,7042034,8245540,6687322,6080854,7977824,6135325,6437410,6764208,7235867,2326305,2062507,2518253,4914225,2204463,2099505,2684249,8799935,7053633,2867250,380968,3097491,930791,608639,985471,4591223,876914,4877136,2335259,4220770,2225859,2498255,3536514,13154989,10051325,4086405,3622207,3333214,3081933,2248043,2544821,2997594,2628659
WORLD_LIGHTS_HDR,514,1753,1199,3661,4220,2077,4020,1880,1685,1104,882,1838,2855,2322,1211,1338,1125,718,1957,823,445,2200,2106,2903,2102,3186,1939,555,240,1965,769,607,1270,2122,1553,2152,2147,1422,379,272,374,336,580,1015,841,1133,1570,49,617,3854,2262,1275,2085,1042,2398,4295,915,1015,703,1494,2786,202,2156,1984,1380,1953,1191,123,3927,498,1571,1792,285,370,1054,15216,2297,1503,1032,2157,1275,773,3151,5694,3854,1210,1782,840,1495,836,2213,3941,1929
LEAF_AMBIENT_LIGHTING_HDR,35276,96186,114858,2481258,1686580,64839,31733,213694,94769,48087,336422,142845,57659,69886,128468,115142,165860,78073,124672,174347,102580,179116,30556,177501,62037,121137,57961,35862,51190,199668,34639,125373,32041,78894,56635,62713,440659,43635,49561,14817,20558,265819,33329,26104,75461,123926,110933,2103,234460,202973,259742,105735,159047,91197,81402,159858,71734,127711,105179,113256,32999,49551,62058,160062,53367,32076,110949,713957,1705853,145390,17965,75585,32469,54027,96550,355045,502401,123969,75357,114269,59652,51678,162587,432172,491520,130742,99573,50559,141273,68611,66352,94556,55368
LEAF_AMBIENT_LIGHTING,45624,86,106,161,2161247,104,92,106,98,109,377510,99,100,102,122,115,116,99,91,113,141,382704,88,86,111,101,100,78,145,101,85,94,91,103,100,99,101,87,92,68,22657,104,86,80,105,150340,112,2103,91,125,111,103,108,114,112,105,99,101,156,105,92,115,93,86,109,101,122,119,142,176718,21969,102,29550,55407,97197,379213,559523,130,92,106,97,104,107,133,123,122,98,110,107,105,89,92,99
FACES_HDR,34382,0,0,0,700440,0,0,0,0,0,172644,0,0,0,0,0,0,0,0,0,0,0,0,0,0,0,0,0,0,0,0,0,0,0,0,0,0,0,0,0,55656,0,0,0,0,68310,0,47319,0,0,0,0,0,0,0,0,0,0,0,0,0,0,0,0,0,0,0,0,0,125752,70746,0,26166,29815,40155,150422,166741,0,0,0,0,0,0,0,0,0,0,0,0,0,0,0,0
MAP_FLAGS,4,4,4,4,4,4,4,4,4,4,4,4,4,4,4,4,4,4,4,4,4,4,4,4,4,4,4,4,4,4,4,4,4,4,4,4,4,4,4,4,4,4,4,4,4,4,4,4,4,4,4,4,4,4,4,4,4,4,4,4,4,4,4,4,4,4,4,4,4,4,4,4,4,4,4,4,4,4,4,4,4,4,4,4,4,4,4,4,4,4,4,4,4
OVERLAY_FADES,0,24,0,51,51,33,32,44,32,8,8,38,30,30,31,44,87,47,30,62,30,32,33,35,0,43,32,0,24,43,30,47,40,43,35,99,0,58,0,30,0,0,45,30,30,30,31,0,16,8,44,53,32,30,30,30,0,0,24,64,32,0,48,32,30,30,64,42,0,30,30,33,8,0,0,38,53,32,16,30,0,30,40,74,41,31,32,8,38,30,48,30,31
UNUSED_61,0,640,1760,5591,0,1460,935,1485,1378,2047,0,1152,1397,1451,3472,2603,2884,610,814,1844,2517,109344,698,813,2129,1434,1383,400,2576,1310,625,1253,730,1527,922,1403,1502,753,509,334,0,1887,364,510,2058,0,2097,0,717,3164,1600,1222,2348,1376,1264,1906,829,1003,2919,1530,816,1356,854,688,1337,852,2599,3173,3603,0,0,1186,0,0,0,0,0,4014,532,1552,1244,1438,1778,4141,2734,3448,1316,2218,1286,1830,788,1263,1312
,
LUMP,POTENTIAL SIZES
OCCLUSION,2,4
UNUSED_22,0
UNUSED_23,0
UNUSED_24,0
UNUSED_25,0
DISPLACEMENT_LIGHTMAP_ALPHAS,0
GAME_LUMP,2,4
LEAF_WATER_DATA,2,4,6
PRIM_VERTS,0
PHYSICSCOLLIDE_SURFACE,0
WATER_OVERLAYS,0
XZIP_PAKFILE,0
MAP_FLAGS,2
UNUSED_62,0
UNUSED_63,0
